Method,Job,AnalyzeLaunchVariance,EvaluateOverhead,MaxAbsoluteError,MaxRelativeError,MinInvokeCount,MinIterationTime,OutlierMode,Affinity,EnvironmentVariables,Jit,LargeAddressAware,Platform,PowerPlanMode,Runtime,AllowVeryLargeObjects,Concurrent,CpuGroups,Force,HeapAffinitizeMask,HeapCount,NoAffinitize,RetainVm,Server,Arguments,BuildConfiguration,Clock,EngineFactory,NuGetReferences,Toolchain,IsMutator,InvocationCount,IterationCount,IterationTime,LaunchCount,MaxIterationCount,MaxWarmupIterationCount,MemoryRandomization,MinIterationCount,MinWarmupIterationCount,RunStrategy,UnrollFactor,WarmupCount,CollectionLength,Mean,Error,StdDev,Version,OS,DateTime,SystemTag
ArrayForEachLoopContains,Job-GEROSC,False,Default,Default,Default,Default,Default,Default,0000000000,Empty,RyuJit,Default,AnyCpu,8c5e7fda-e8bf-4a96-9a85-a6e23a8c635c,.NET 10.0,False,True,False,True,Default,Default,False,False,True,Default,Default,Default,Default,Default,Default,Default,Default,Default,250ms,Default,20,Default,Default,15,Default,Default,16,1,10,2.311,0.0264,0.0247,1.2.0,macOS 26.6.2,09/08/2026 21:42:10,Not set
ArrayLinqContains,Job-GEROSC,False,Default,Default,Default,Default,Default,Default,0000000000,Empty,RyuJit,Default,AnyCpu,8c5e7fda-e8bf-4a96-9a85-a6e23a8c635c,.NET 10.0,False,True,False,True,Default,Default,False,False,True,Default,Default,Default,Default,Default,Default,Default,Default,Default,250ms,Default,20,Default,Default,15,Default,Default,16,1,10,1.685,0.0220,0.0195,1.2.0,macOS 26.6.2,09/08/2026 21:42:10,Not set
ListForEachLoopContains,Job-GEROSC,False,Default,Default,Default,Default,Default,Default,0000000000,Empty,RyuJit,Default,AnyCpu,8c5e7fda-e8bf-4a96-9a85-a6e23a8c635c,.NET 10.0,False,True,False,True,Default,Default,False,False,True,Default,Default,Default,Default,Default,Default,Default,Default,Default,250ms,Default,20,Default,Default,15,Default,Default,16,1,10,10.655,0.1624,0.1356,1.2.0,macOS 26.6.2,09/08/2026 21:42:10,Not set
ListFindIndex,Job-GEROSC,False,Default,Default,Default,Default,Default,Default,0000000000,Empty,RyuJit,Default,AnyCpu,8c5e7fda-e8bf-4a96-9a85-a6e23a8c635c,.NET 10.0,False,True,False,True,Default,Default,False,False,True,Default,Default,Default,Default,Default,Default,Default,Default,Default,250ms,Default,20,Default,Default,15,Default,Default,16,1,10,8.395,0.0607,0.0538,1.2.0,macOS 26.6.2,09/08/2026 21:42:10,Not set
ListExists,Job-GEROSC,False,Default,Default,Default,Default,Default,Default,0000000000,Empty,RyuJit,Default,AnyCpu,8c5e7fda-e8bf-4a96-9a85-a6e23a8c635c,.NET 10.0,False,True,False,True,Default,Default,False,False,True,Default,Default,Default,Default,Default,Default,Default,Default,Default,250ms,Default,20,Default,Default,15,Default,Default,16,1,10,8.356,0.0709,0.0629,1.2.0,macOS 26.6.2,09/08/2026 21:42:10,Not set
ListContains,Job-GEROSC,False,Default,Default,Default,Default,Default,Default,0000000000,Empty,RyuJit,Default,AnyCpu,8c5e7fda-e8bf-4a96-9a85-a6e23a8c635c,.NET 10.0,False,True,False,True,Default,Default,False,False,True,Default,Default,Default,Default,Default,Default,Default,Default,Default,250ms,Default,20,Default,Default,15,Default,Default,16,1,10,1.866,0.0202,0.0179,1.2.0,macOS 26.6.2,09/08/2026 21:42:10,Not set
EnumerableInterfaceForEachLoopContains,Job-GEROSC,False,Default,Default,Default,Default,Default,Default,0000000000,Empty,RyuJit,Default,AnyCpu,8c5e7fda-e8bf-4a96-9a85-a6e23a8c635c,.NET 10.0,False,True,False,True,Default,Default,False,False,True,Default,Default,Default,Default,Default,Default,Default,Default,Default,250ms,Default,20,Default,Default,15,Default,Default,16,1,10,2.823,0.0273,0.0242,1.2.0,macOS 26.6.2,09/08/2026 21:42:10,Not set
ReadOnlyListInterfaceContains,Job-GEROSC,False,Default,Default,Default,Default,Default,Default,0000000000,Empty,RyuJit,Default,AnyCpu,8c5e7fda-e8bf-4a96-9a85-a6e23a8c635c,.NET 10.0,False,True,False,True,Default,Default,False,False,True,Default,Default,Default,Default,Default,Default,Default,Default,Default,250ms,Default,20,Default,Default,15,Default,Default,16,1,10,2.508,0.0433,0.0338,1.2.0,macOS 26.6.2,09/08/2026 21:42:10,Not set
ReadOnlyCollectionContains,Job-GEROSC,False,Default,Default,Default,Default,Default,Default,0000000000,Empty,RyuJit,Default,AnyCpu,8c5e7fda-e8bf-4a96-9a85-a6e23a8c635c,.NET 10.0,False,True,False,True,Default,Default,False,False,True,Default,Default,Default,Default,Default,Default,Default,Default,Default,250ms,Default,20,Default,Default,15,Default,Default,16,1,10,1.792,0.0117,0.0110,1.2.0,macOS 26.6.2,09/08/2026 21:42:10,Not set
ReadOnlyCollectionInterfaceContains,Job-GEROSC,False,Default,Default,Default,Default,Default,Default,0000000000,Empty,RyuJit,Default,AnyCpu,8c5e7fda-e8bf-4a96-9a85-a6e23a8c635c,.NET 10.0,False,True,False,True,Default,Default,False,False,True,Default,Default,Default,Default,Default,Default,Default,Default,Default,250ms,Default,20,Default,Default,15,Default,Default,16,1,10,2.260,0.0392,0.0367,1.2.0,macOS 26.6.2,09/08/2026 21:42:10,Not set
LinkedListContains,Job-GEROSC,False,Default,Default,Default,Default,Default,Default,0000000000,Empty,RyuJit,Default,AnyCpu,8c5e7fda-e8bf-4a96-9a85-a6e23a8c635c,.NET 10.0,False,True,False,True,Default,Default,False,False,True,Default,Default,Default,Default,Default,Default,Default,Default,Default,250ms,Default,20,Default,Default,15,Default,Default,16,1,10,2.347,0.0305,0.0270,1.2.0,macOS 26.6.2,09/08/2026 21:42:10,Not set
ListSortedBinarySearch,Job-GEROSC,False,Default,Default,Default,Default,Default,Default,0000000000,Empty,RyuJit,Default,AnyCpu,8c5e7fda-e8bf-4a96-9a85-a6e23a8c635c,.NET 10.0,False,True,False,True,Default,Default,False,False,True,Default,Default,Default,Default,Default,Default,Default,Default,Default,250ms,Default,20,Default,Default,15,Default,Default,16,1,10,3.927,0.0253,0.0225,1.2.0,macOS 26.6.2,09/08/2026 21:42:10,Not set
SortedSetContains,Job-GEROSC,False,Default,Default,Default,Default,Default,Default,0000000000,Empty,RyuJit,Default,AnyCpu,8c5e7fda-e8bf-4a96-9a85-a6e23a8c635c,.NET 10.0,False,True,False,True,Default,Default,False,False,True,Default,Default,Default,Default,Default,Default,Default,Default,Default,250ms,Default,20,Default,Default,15,Default,Default,16,1,10,4.476,0.0610,0.0570,1.2.0,macOS 26.6.2,09/08/2026 21:42:10,Not set
SortedSetTryGetValue,Job-GEROSC,False,Default,Default,Default,Default,Default,Default,0000000000,Empty,RyuJit,Default,AnyCpu,8c5e7fda-e8bf-4a96-9a85-a6e23a8c635c,.NET 10.0,False,True,False,True,Default,Default,False,False,True,Default,Default,Default,Default,Default,Default,Default,Default,Default,250ms,Default,20,Default,Default,15,Default,Default,16,1,10,4.116,0.0445,0.0416,1.2.0,macOS 26.6.2,09/08/2026 21:42:10,Not set
HashSetContains,Job-GEROSC,False,Default,Default,Default,Default,Default,Default,0000000000,Empty,RyuJit,Default,AnyCpu,8c5e7fda-e8bf-4a96-9a85-a6e23a8c635c,.NET 10.0,False,True,False,True,Default,Default,False,False,True,Default,Default,Default,Default,Default,Default,Default,Default,Default,250ms,Default,20,Default,Default,15,Default,Default,16,1,10,2.255,0.0233,0.0218,1.2.0,macOS 26.6.2,09/08/2026 21:42:10,Not set
DictionaryContainsKey,Job-GEROSC,False,Default,Default,Default,Default,Default,Default,0000000000,Empty,RyuJit,Default,AnyCpu,8c5e7fda-e8bf-4a96-9a85-a6e23a8c635c,.NET 10.0,False,True,False,True,Default,Default,False,False,True,Default,Default,Default,Default,Default,Default,Default,Default,Default,250ms,Default,20,Default,Default,15,Default,Default,16,1,10,2.267,0.0167,0.0156,1.2.0,macOS 26.6.2,09/08/2026 21:42:10,Not set
DictionaryInterfaceContainsKey,Job-GEROSC,False,Default,Default,Default,Default,Default,Default,0000000000,Empty,RyuJit,Default,AnyCpu,8c5e7fda-e8bf-4a96-9a85-a6e23a8c635c,.NET 10.0,False,True,False,True,Default,Default,False,False,True,Default,Default,Default,Default,Default,Default,Default,Default,Default,250ms,Default,20,Default,Default,15,Default,Default,16,1,10,2.510,0.0275,0.0243,1.2.0,macOS 26.6.2,09/08/2026 21:42:10,Not set
DictionaryTryGetValue,Job-GEROSC,False,Default,Default,Default,Default,Default,Default,0000000000,Empty,RyuJit,Default,AnyCpu,8c5e7fda-e8bf-4a96-9a85-a6e23a8c635c,.NET 10.0,False,True,False,True,Default,Default,False,False,True,Default,Default,Default,Default,Default,Default,Default,Default,Default,250ms,Default,20,Default,Default,15,Default,Default,16,1,10,2.217,0.0215,0.0201,1.2.0,macOS 26.6.2,09/08/2026 21:42:10,Not set
DictionaryContainsValue,Job-GEROSC,False,Default,Default,Default,Default,Default,Default,0000000000,Empty,RyuJit,Default,AnyCpu,8c5e7fda-e8bf-4a96-9a85-a6e23a8c635c,.NET 10.0,False,True,False,True,Default,Default,False,False,True,Default,Default,Default,Default,Default,Default,Default,Default,Default,250ms,Default,20,Default,Default,15,Default,Default,16,1,10,5.750,0.0785,0.0696,1.2.0,macOS 26.6.2,09/08/2026 21:42:10,Not set
SortedDictionaryContainsKey,Job-GEROSC,False,Default,Default,Default,Default,Default,Default,0000000000,Empty,RyuJit,Default,AnyCpu,8c5e7fda-e8bf-4a96-9a85-a6e23a8c635c,.NET 10.0,False,True,False,True,Default,Default,False,False,True,Default,Default,Default,Default,Default,Default,Default,Default,Default,250ms,Default,20,Default,Default,15,Default,Default,16,1,10,9.564,0.0841,0.0702,1.2.0,macOS 26.6.2,09/08/2026 21:42:10,Not set
ArrayForEachLoopContains,Job-GEROSC,False,Default,Default,Default,Default,Default,Default,0000000000,Empty,RyuJit,Default,AnyCpu,8c5e7fda-e8bf-4a96-9a85-a6e23a8c635c,.NET 10.0,False,True,False,True,Default,Default,False,False,True,Default,Default,Default,Default,Default,Default,Default,Default,Default,250ms,Default,20,Default,Default,15,Default,Default,16,1,10000,"1,600.989",25.1196,22.2679,1.2.0,macOS 26.6.2,09/08/2026 21:42:10,Not set
ArrayLinqContains,Job-GEROSC,False,Default,Default,Default,Default,Default,Default,0000000000,Empty,RyuJit,Default,AnyCpu,8c5e7fda-e8bf-4a96-9a85-a6e23a8c635c,.NET 10.0,False,True,False,True,Default,Default,False,False,True,Default,Default,Default,Default,Default,Default,Default,Default,Default,250ms,Default,20,Default,Default,15,Default,Default,16,1,10000,461.840,2.4749,2.0667,1.2.0,macOS 26.6.2,09/08/2026 21:42:10,Not set
ListForEachLoopContains,Job-GEROSC,False,Default,Default,Default,Default,Default,Default,0000000000,Empty,RyuJit,Default,AnyCpu,8c5e7fda-e8bf-4a96-9a85-a6e23a8c635c,.NET 10.0,False,True,False,True,Default,Default,False,False,True,Default,Default,Default,Default,Default,Default,Default,Default,Default,250ms,Default,20,Default,Default,15,Default,Default,16,1,10000,"2,673.071",22.1858,19.6671,1.2.0,macOS 26.6.2,09/08/2026 21:42:10,Not set
ListFindIndex,Job-GEROSC,False,Default,Default,Default,Default,Default,Default,0000000000,Empty,RyuJit,Default,AnyCpu,8c5e7fda-e8bf-4a96-9a85-a6e23a8c635c,.NET 10.0,False,True,False,True,Default,Default,False,False,True,Default,Default,Default,Default,Default,Default,Default,Default,Default,250ms,Default,20,Default,Default,15,Default,Default,16,1,10000,"6,513.711",59.9730,56.0988,1.2.0,macOS 26.6.2,09/08/2026 21:42:10,Not set
ListExists,Job-GEROSC,False,Default,Default,Default,Default,Default,Default,0000000000,Empty,RyuJit,Default,AnyCpu,8c5e7fda-e8bf-4a96-9a85-a6e23a8c635c,.NET 10.0,False,True,False,True,Default,Default,False,False,True,Default,Default,Default,Default,Default,Default,Default,Default,Default,250ms,Default,20,Default,Default,15,Default,Default,16,1,10000,"6,481.391",35.8130,29.9055,1.2.0,macOS 26.6.2,09/08/2026 21:42:10,Not set
ListContains,Job-GEROSC,False,Default,Default,Default,Default,Default,Default,0000000000,Empty,RyuJit,Default,AnyCpu,8c5e7fda-e8bf-4a96-9a85-a6e23a8c635c,.NET 10.0,False,True,False,True,Default,Default,False,False,True,Default,Default,Default,Default,Default,Default,Default,Default,Default,250ms,Default,20,Default,Default,15,Default,Default,16,1,10000,474.548,5.7380,5.0866,1.2.0,macOS 26.6.2,09/08/2026 21:42:10,Not set
EnumerableInterfaceForEachLoopContains,Job-GEROSC,False,Default,Default,Default,Default,Default,Default,0000000000,Empty,RyuJit,Default,AnyCpu,8c5e7fda-e8bf-4a96-9a85-a6e23a8c635c,.NET 10.0,False,True,False,True,Default,Default,False,False,True,Default,Default,Default,Default,Default,Default,Default,Default,Default,250ms,Default,20,Default,Default,15,Default,Default,16,1,10000,"2,385.810",31.3422,27.7841,1.2.0,macOS 26.6.2,09/08/2026 21:42:10,Not set
ReadOnlyListInterfaceContains,Job-GEROSC,False,Default,Default,Default,Default,Default,Default,0000000000,Empty,RyuJit,Default,AnyCpu,8c5e7fda-e8bf-4a96-9a85-a6e23a8c635c,.NET 10.0,False,True,False,True,Default,Default,False,False,True,Default,Default,Default,Default,Default,Default,Default,Default,Default,250ms,Default,20,Default,Default,15,Default,Default,16,1,10000,472.372,5.1029,4.2612,1.2.0,macOS 26.6.2,09/08/2026 21:42:10,Not set
ReadOnlyCollectionContains,Job-GEROSC,False,Default,Default,Default,Default,Default,Default,0000000000,Empty,RyuJit,Default,AnyCpu,8c5e7fda-e8bf-4a96-9a85-a6e23a8c635c,.NET 10.0,False,True,False,True,Default,Default,False,False,True,Default,Default,Default,Default,Default,Default,Default,Default,Default,250ms,Default,20,Default,Default,15,Default,Default,16,1,10000,464.087,4.8401,4.5274,1.2.0,macOS 26.6.2,09/08/2026 21:42:10,Not set
ReadOnlyCollectionInterfaceContains,Job-GEROSC,False,Default,Default,Default,Default,Default,Default,0000000000,Empty,RyuJit,Default,AnyCpu,8c5e7fda-e8bf-4a96-9a85-a6e23a8c635c,.NET 10.0,False,True,False,True,Default,Default,False,False,True,Default,Default,Default,Default,Default,Default,Default,Default,Default,250ms,Default,20,Default,Default,15,Default,Default,16,1,10000,460.580,2.1517,1.9074,1.2.0,macOS 26.6.2,09/08/2026 21:42:10,Not set
LinkedListContains,Job-GEROSC,False,Default,Default,Default,Default,Default,Default,0000000000,Empty,RyuJit,Default,AnyCpu,8c5e7fda-e8bf-4a96-9a85-a6e23a8c635c,.NET 10.0,False,True,False,True,Default,Default,False,False,True,Default,Default,Default,Default,Default,Default,Default,Default,Default,250ms,Default,20,Default,Default,15,Default,Default,16,1,10000,"5,973.968",211.8229,243.9356,1.2.0,macOS 26.6.2,09/08/2026 21:42:10,Not set
ListSortedBinarySearch,Job-GEROSC,False,Default,Default,Default,Default,Default,Default,0000000000,Empty,RyuJit,Default,AnyCpu,8c5e7fda-e8bf-4a96-9a85-a6e23a8c635c,.NET 10.0,False,True,False,True,Default,Default,False,False,True,Default,Default,Default,Default,Default,Default,Default,Default,Default,250ms,Default,20,Default,Default,15,Default,Default,16,1,10000,15.140,0.1701,0.1508,1.2.0,macOS 26.6.2,09/08/2026 21:42:10,Not set
SortedSetContains,Job-GEROSC,False,Default,Default,Default,Default,Default,Default,0000000000,Empty,RyuJit,Default,AnyCpu,8c5e7fda-e8bf-4a96-9a85-a6e23a8c635c,.NET 10.0,False,True,False,True,Default,Default,False,False,True,Default,Default,Default,Default,Default,Default,Default,Default,Default,250ms,Default,20,Default,Default,15,Default,Default,16,1,10000,16.276,0.0838,0.0743,1.2.0,macOS 26.6.2,09/08/2026 21:42:10,Not set
SortedSetTryGetValue,Job-GEROSC,False,Default,Default,Default,Default,Default,Default,0000000000,Empty,RyuJit,Default,AnyCpu,8c5e7fda-e8bf-4a96-9a85-a6e23a8c635c,.NET 10.0,False,True,False,True,Default,Default,False,False,True,Default,Default,Default,Default,Default,Default,Default,Default,Default,250ms,Default,20,Default,Default,15,Default,Default,16,1,10000,16.024,0.2385,0.2231,1.2.0,macOS 26.6.2,09/08/2026 21:42:10,Not set
HashSetContains,Job-GEROSC,False,Default,Default,Default,Default,Default,Default,0000000000,Empty,RyuJit,Default,AnyCpu,8c5e7fda-e8bf-4a96-9a85-a6e23a8c635c,.NET 10.0,False,True,False,True,Default,Default,False,False,True,Default,Default,Default,Default,Default,Default,Default,Default,Default,250ms,Default,20,Default,Default,15,Default,Default,16,1,10000,2.278,0.0267,0.0250,1.2.0,macOS 26.6.2,09/08/2026 21:42:10,Not set
DictionaryContainsKey,Job-GEROSC,False,Default,Default,Default,Default,Default,Default,0000000000,Empty,RyuJit,Default,AnyCpu,8c5e7fda-e8bf-4a96-9a85-a6e23a8c635c,.NET 10.0,False,True,False,True,Default,Default,False,False,True,Default,Default,Default,Default,Default,Default,Default,Default,Default,250ms,Default,20,Default,Default,15,Default,Default,16,1,10000,2.554,0.0278,0.0246,1.2.0,macOS 26.6.2,09/08/2026 21:42:10,Not set
DictionaryInterfaceContainsKey,Job-GEROSC,False,Default,Default,Default,Default,Default,Default,0000000000,Empty,RyuJit,Default,AnyCpu,8c5e7fda-e8bf-4a96-9a85-a6e23a8c635c,.NET 10.0,False,True,False,True,Default,Default,False,False,True,Default,Default,Default,Default,Default,Default,Default,Default,Default,250ms,Default,20,Default,Default,15,Default,Default,16,1,10000,2.629,0.0199,0.0176,1.2.0,macOS 26.6.2,09/08/2026 21:42:10,Not set
DictionaryTryGetValue,Job-GEROSC,False,Default,Default,Default,Default,Default,Default,0000000000,Empty,RyuJit,Default,AnyCpu,8c5e7fda-e8bf-4a96-9a85-a6e23a8c635c,.NET 10.0,False,True,False,True,Default,Default,False,False,True,Default,Default,Default,Default,Default,Default,Default,Default,Default,250ms,Default,20,Default,Default,15,Default,Default,16,1,10000,2.379,0.0742,0.0854,1.2.0,macOS 26.6.2,09/08/2026 21:42:10,Not set
DictionaryContainsValue,Job-GEROSC,False,Default,Default,Default,Default,Default,Default,0000000000,Empty,RyuJit,Default,AnyCpu,8c5e7fda-e8bf-4a96-9a85-a6e23a8c635c,.NET 10.0,False,True,False,True,Default,Default,False,False,True,Default,Default,Default,Default,Default,Default,Default,Default,Default,250ms,Default,20,Default,Default,15,Default,Default,16,1,10000,"3,186.424",63.7109,56.4781,1.2.0,macOS 26.6.2,09/08/2026 21:42:10,Not set
SortedDictionaryContainsKey,Job-GEROSC,False,Default,Default,Default,Default,Default,Default,0000000000,Empty,RyuJit,Default,AnyCpu,8c5e7fda-e8bf-4a96-9a85-a6e23a8c635c,.NET 10.0,False,True,False,True,Default,Default,False,False,True,Default,Default,Default,Default,Default,Default,Default,Default,Default,250ms,Default,20,Default,Default,15,Default,Default,16,1,10000,18.739,0.2211,0.2068,1.2.0,macOS 26.6.2,09/08/2026 21:42:10,Not set
