Method,Job,AnalyzeLaunchVariance,EvaluateOverhead,MaxAbsoluteError,MaxRelativeError,MinInvokeCount,MinIterationTime,OutlierMode,Affinity,EnvironmentVariables,Jit,LargeAddressAware,Platform,PowerPlanMode,Runtime,AllowVeryLargeObjects,Concurrent,CpuGroups,Force,HeapAffinitizeMask,HeapCount,NoAffinitize,RetainVm,Server,Arguments,BuildConfiguration,Clock,EngineFactory,NuGetReferences,Toolchain,IsMutator,InvocationCount,IterationCount,IterationTime,LaunchCount,MaxIterationCount,MaxWarmupIterationCount,MemoryRandomization,MinIterationCount,MinWarmupIterationCount,RunStrategy,UnrollFactor,WarmupCount,Comparison,SearchStringLength,Mean,Error,StdDev,Version,OS,DateTime,SystemTag
StartsWithStringFail,Job-GEROSC,False,Default,Default,Default,Default,Default,Default,0000000000,Empty,RyuJit,Default,AnyCpu,8c5e7fda-e8bf-4a96-9a85-a6e23a8c635c,.NET 10.0,False,True,False,True,Default,Default,False,False,True,Default,Default,Default,Default,Default,Default,Default,Default,Default,250ms,Default,20,Default,Default,15,Default,Default,16,1,CurrentCulture,100,99.103,0.6086,0.5693,1.2.0,macOS 26.6.2,09/08/2026 21:42:10,Not set
StartsWithStringFail,Job-GEROSC,False,Default,Default,Default,Default,Default,Default,0000000000,Empty,RyuJit,Default,AnyCpu,8c5e7fda-e8bf-4a96-9a85-a6e23a8c635c,.NET 10.0,False,True,False,True,Default,Default,False,False,True,Default,Default,Default,Default,Default,Default,Default,Default,Default,250ms,Default,20,Default,Default,15,Default,Default,16,1,Curre(...)eCase [24],100,99.012,0.8681,0.7249,1.2.0,macOS 26.6.2,09/08/2026 21:42:10,Not set
StartsWithStringFail,Job-GEROSC,False,Default,Default,Default,Default,Default,Default,0000000000,Empty,RyuJit,Default,AnyCpu,8c5e7fda-e8bf-4a96-9a85-a6e23a8c635c,.NET 10.0,False,True,False,True,Default,Default,False,False,True,Default,Default,Default,Default,Default,Default,Default,Default,Default,250ms,Default,20,Default,Default,15,Default,Default,16,1,InvariantCulture,100,97.724,1.7705,1.6562,1.2.0,macOS 26.6.2,09/08/2026 21:42:10,Not set
StartsWithStringFail,Job-GEROSC,False,Default,Default,Default,Default,Default,Default,0000000000,Empty,RyuJit,Default,AnyCpu,8c5e7fda-e8bf-4a96-9a85-a6e23a8c635c,.NET 10.0,False,True,False,True,Default,Default,False,False,True,Default,Default,Default,Default,Default,Default,Default,Default,Default,250ms,Default,20,Default,Default,15,Default,Default,16,1,Invar(...)eCase [26],100,96.317,0.5032,0.4461,1.2.0,macOS 26.6.2,09/08/2026 21:42:10,Not set
StartsWithStringFail,Job-GEROSC,False,Default,Default,Default,Default,Default,Default,0000000000,Empty,RyuJit,Default,AnyCpu,8c5e7fda-e8bf-4a96-9a85-a6e23a8c635c,.NET 10.0,False,True,False,True,Default,Default,False,False,True,Default,Default,Default,Default,Default,Default,Default,Default,Default,250ms,Default,20,Default,Default,15,Default,Default,16,1,Ordinal,100,7.849,0.0671,0.0595,1.2.0,macOS 26.6.2,09/08/2026 21:42:10,Not set
StartsWithStringFail,Job-GEROSC,False,Default,Default,Default,Default,Default,Default,0000000000,Empty,RyuJit,Default,AnyCpu,8c5e7fda-e8bf-4a96-9a85-a6e23a8c635c,.NET 10.0,False,True,False,True,Default,Default,False,False,True,Default,Default,Default,Default,Default,Default,Default,Default,Default,250ms,Default,20,Default,Default,15,Default,Default,16,1,OrdinalIgnoreCase,100,13.775,0.1103,0.0861,1.2.0,macOS 26.6.2,09/08/2026 21:42:10,Not set
StartsWithStringSuccess,Job-GEROSC,False,Default,Default,Default,Default,Default,Default,0000000000,Empty,RyuJit,Default,AnyCpu,8c5e7fda-e8bf-4a96-9a85-a6e23a8c635c,.NET 10.0,False,True,False,True,Default,Default,False,False,True,Default,Default,Default,Default,Default,Default,Default,Default,Default,250ms,Default,20,Default,Default,15,Default,Default,16,1,CurrentCulture,100,99.142,0.5665,0.5299,1.2.0,macOS 26.6.2,09/08/2026 21:42:10,Not set
StartsWithStringSuccess,Job-GEROSC,False,Default,Default,Default,Default,Default,Default,0000000000,Empty,RyuJit,Default,AnyCpu,8c5e7fda-e8bf-4a96-9a85-a6e23a8c635c,.NET 10.0,False,True,False,True,Default,Default,False,False,True,Default,Default,Default,Default,Default,Default,Default,Default,Default,250ms,Default,20,Default,Default,15,Default,Default,16,1,Curre(...)eCase [24],100,99.122,0.9909,0.8784,1.2.0,macOS 26.6.2,09/08/2026 21:42:10,Not set
StartsWithStringSuccess,Job-GEROSC,False,Default,Default,Default,Default,Default,Default,0000000000,Empty,RyuJit,Default,AnyCpu,8c5e7fda-e8bf-4a96-9a85-a6e23a8c635c,.NET 10.0,False,True,False,True,Default,Default,False,False,True,Default,Default,Default,Default,Default,Default,Default,Default,Default,250ms,Default,20,Default,Default,15,Default,Default,16,1,InvariantCulture,100,96.491,0.6114,0.4773,1.2.0,macOS 26.6.2,09/08/2026 21:42:10,Not set
StartsWithStringSuccess,Job-GEROSC,False,Default,Default,Default,Default,Default,Default,0000000000,Empty,RyuJit,Default,AnyCpu,8c5e7fda-e8bf-4a96-9a85-a6e23a8c635c,.NET 10.0,False,True,False,True,Default,Default,False,False,True,Default,Default,Default,Default,Default,Default,Default,Default,Default,250ms,Default,20,Default,Default,15,Default,Default,16,1,Invar(...)eCase [26],100,96.201,0.3747,0.3321,1.2.0,macOS 26.6.2,09/08/2026 21:42:10,Not set
StartsWithStringSuccess,Job-GEROSC,False,Default,Default,Default,Default,Default,Default,0000000000,Empty,RyuJit,Default,AnyCpu,8c5e7fda-e8bf-4a96-9a85-a6e23a8c635c,.NET 10.0,False,True,False,True,Default,Default,False,False,True,Default,Default,Default,Default,Default,Default,Default,Default,Default,250ms,Default,20,Default,Default,15,Default,Default,16,1,Ordinal,100,16.079,0.3236,0.3026,1.2.0,macOS 26.6.2,09/08/2026 21:42:10,Not set
StartsWithStringSuccess,Job-GEROSC,False,Default,Default,Default,Default,Default,Default,0000000000,Empty,RyuJit,Default,AnyCpu,8c5e7fda-e8bf-4a96-9a85-a6e23a8c635c,.NET 10.0,False,True,False,True,Default,Default,False,False,True,Default,Default,Default,Default,Default,Default,Default,Default,Default,250ms,Default,20,Default,Default,15,Default,Default,16,1,OrdinalIgnoreCase,100,17.697,0.1485,0.1240,1.2.0,macOS 26.6.2,09/08/2026 21:42:10,Not set
