Method,Job,AnalyzeLaunchVariance,EvaluateOverhead,MaxAbsoluteError,MaxRelativeError,MinInvokeCount,MinIterationTime,OutlierMode,Affinity,EnvironmentVariables,Jit,LargeAddressAware,Platform,PowerPlanMode,Runtime,AllowVeryLargeObjects,Concurrent,CpuGroups,Force,HeapAffinitizeMask,HeapCount,NoAffinitize,RetainVm,Server,Arguments,BuildConfiguration,Clock,EngineFactory,NuGetReferences,Toolchain,IsMutator,InvocationCount,IterationCount,IterationTime,LaunchCount,MaxIterationCount,MaxWarmupIterationCount,MemoryRandomization,MinIterationCount,MinWarmupIterationCount,RunStrategy,UnrollFactor,WarmupCount,StringCount,StringLength,Mean,Error,StdDev,Version,OS,DateTime,SystemTag
StringConcatenation,Job-GEROSC,False,Default,Default,Default,Default,Default,Default,0000000000,Empty,RyuJit,Default,AnyCpu,8c5e7fda-e8bf-4a96-9a85-a6e23a8c635c,.NET 10.0,False,True,False,True,Default,Default,False,False,True,Default,Default,Default,Default,Default,Default,Default,Default,Default,250ms,Default,20,Default,Default,15,Default,Default,16,1,5,10,42.55,0.277,0.246,1.2.0,macOS 26.6.2,09/08/2026 21:42:10,Not set
StringBuilderAppend,Job-GEROSC,False,Default,Default,Default,Default,Default,Default,0000000000,Empty,RyuJit,Default,AnyCpu,8c5e7fda-e8bf-4a96-9a85-a6e23a8c635c,.NET 10.0,False,True,False,True,Default,Default,False,False,True,Default,Default,Default,Default,Default,Default,Default,Default,Default,250ms,Default,20,Default,Default,15,Default,Default,16,1,5,10,76.23,0.930,0.726,1.2.0,macOS 26.6.2,09/08/2026 21:42:10,Not set
StringBuilderInsert,Job-GEROSC,False,Default,Default,Default,Default,Default,Default,0000000000,Empty,RyuJit,Default,AnyCpu,8c5e7fda-e8bf-4a96-9a85-a6e23a8c635c,.NET 10.0,False,True,False,True,Default,Default,False,False,True,Default,Default,Default,Default,Default,Default,Default,Default,Default,250ms,Default,20,Default,Default,15,Default,Default,16,1,5,10,103.07,1.201,1.180,1.2.0,macOS 26.6.2,09/08/2026 21:42:10,Not set
ZStringConcatenation,Job-GEROSC,False,Default,Default,Default,Default,Default,Default,0000000000,Empty,RyuJit,Default,AnyCpu,8c5e7fda-e8bf-4a96-9a85-a6e23a8c635c,.NET 10.0,False,True,False,True,Default,Default,False,False,True,Default,Default,Default,Default,Default,Default,Default,Default,Default,250ms,Default,20,Default,Default,15,Default,Default,16,1,5,10,29.17,0.179,0.158,1.2.0,macOS 26.6.2,09/08/2026 21:42:10,Not set
ZStringBuilderAppend,Job-GEROSC,False,Default,Default,Default,Default,Default,Default,0000000000,Empty,RyuJit,Default,AnyCpu,8c5e7fda-e8bf-4a96-9a85-a6e23a8c635c,.NET 10.0,False,True,False,True,Default,Default,False,False,True,Default,Default,Default,Default,Default,Default,Default,Default,Default,250ms,Default,20,Default,Default,15,Default,Default,16,1,5,10,31.80,0.379,0.355,1.2.0,macOS 26.6.2,09/08/2026 21:42:10,Not set
ZStringBuilderInsert,Job-GEROSC,False,Default,Default,Default,Default,Default,Default,0000000000,Empty,RyuJit,Default,AnyCpu,8c5e7fda-e8bf-4a96-9a85-a6e23a8c635c,.NET 10.0,False,True,False,True,Default,Default,False,False,True,Default,Default,Default,Default,Default,Default,Default,Default,Default,250ms,Default,20,Default,Default,15,Default,Default,16,1,5,10,83.32,0.754,0.706,1.2.0,macOS 26.6.2,09/08/2026 21:42:10,Not set
StringConcatenation,Job-GEROSC,False,Default,Default,Default,Default,Default,Default,0000000000,Empty,RyuJit,Default,AnyCpu,8c5e7fda-e8bf-4a96-9a85-a6e23a8c635c,.NET 10.0,False,True,False,True,Default,Default,False,False,True,Default,Default,Default,Default,Default,Default,Default,Default,Default,250ms,Default,20,Default,Default,15,Default,Default,16,1,5,1000,"1,751.44",23.125,20.499,1.2.0,macOS 26.6.2,09/08/2026 21:42:10,Not set
StringBuilderAppend,Job-GEROSC,False,Default,Default,Default,Default,Default,Default,0000000000,Empty,RyuJit,Default,AnyCpu,8c5e7fda-e8bf-4a96-9a85-a6e23a8c635c,.NET 10.0,False,True,False,True,Default,Default,False,False,True,Default,Default,Default,Default,Default,Default,Default,Default,Default,250ms,Default,20,Default,Default,15,Default,Default,16,1,5,1000,"1,898.58",31.695,29.647,1.2.0,macOS 26.6.2,09/08/2026 21:42:10,Not set
StringBuilderInsert,Job-GEROSC,False,Default,Default,Default,Default,Default,Default,0000000000,Empty,RyuJit,Default,AnyCpu,8c5e7fda-e8bf-4a96-9a85-a6e23a8c635c,.NET 10.0,False,True,False,True,Default,Default,False,False,True,Default,Default,Default,Default,Default,Default,Default,Default,Default,250ms,Default,20,Default,Default,15,Default,Default,16,1,5,1000,"1,326.09",13.244,11.741,1.2.0,macOS 26.6.2,09/08/2026 21:42:10,Not set
ZStringConcatenation,Job-GEROSC,False,Default,Default,Default,Default,Default,Default,0000000000,Empty,RyuJit,Default,AnyCpu,8c5e7fda-e8bf-4a96-9a85-a6e23a8c635c,.NET 10.0,False,True,False,True,Default,Default,False,False,True,Default,Default,Default,Default,Default,Default,Default,Default,Default,250ms,Default,20,Default,Default,15,Default,Default,16,1,5,1000,924.81,16.698,14.802,1.2.0,macOS 26.6.2,09/08/2026 21:42:10,Not set
ZStringBuilderAppend,Job-GEROSC,False,Default,Default,Default,Default,Default,Default,0000000000,Empty,RyuJit,Default,AnyCpu,8c5e7fda-e8bf-4a96-9a85-a6e23a8c635c,.NET 10.0,False,True,False,True,Default,Default,False,False,True,Default,Default,Default,Default,Default,Default,Default,Default,Default,250ms,Default,20,Default,Default,15,Default,Default,16,1,5,1000,907.11,5.807,4.849,1.2.0,macOS 26.6.2,09/08/2026 21:42:10,Not set
ZStringBuilderInsert,Job-GEROSC,False,Default,Default,Default,Default,Default,Default,0000000000,Empty,RyuJit,Default,AnyCpu,8c5e7fda-e8bf-4a96-9a85-a6e23a8c635c,.NET 10.0,False,True,False,True,Default,Default,False,False,True,Default,Default,Default,Default,Default,Default,Default,Default,Default,250ms,Default,20,Default,Default,15,Default,Default,16,1,5,1000,"1,280.91",18.232,16.162,1.2.0,macOS 26.6.2,09/08/2026 21:42:10,Not set
StringConcatenation,Job-GEROSC,False,Default,Default,Default,Default,Default,Default,0000000000,Empty,RyuJit,Default,AnyCpu,8c5e7fda-e8bf-4a96-9a85-a6e23a8c635c,.NET 10.0,False,True,False,True,Default,Default,False,False,True,Default,Default,Default,Default,Default,Default,Default,Default,Default,250ms,Default,20,Default,Default,15,Default,Default,16,1,100,10,"6,368.38",53.006,49.582,1.2.0,macOS 26.6.2,09/08/2026 21:42:10,Not set
StringBuilderAppend,Job-GEROSC,False,Default,Default,Default,Default,Default,Default,0000000000,Empty,RyuJit,Default,AnyCpu,8c5e7fda-e8bf-4a96-9a85-a6e23a8c635c,.NET 10.0,False,True,False,True,Default,Default,False,False,True,Default,Default,Default,Default,Default,Default,Default,Default,Default,250ms,Default,20,Default,Default,15,Default,Default,16,1,100,10,577.95,5.702,5.055,1.2.0,macOS 26.6.2,09/08/2026 21:42:10,Not set
StringBuilderInsert,Job-GEROSC,False,Default,Default,Default,Default,Default,Default,0000000000,Empty,RyuJit,Default,AnyCpu,8c5e7fda-e8bf-4a96-9a85-a6e23a8c635c,.NET 10.0,False,True,False,True,Default,Default,False,False,True,Default,Default,Default,Default,Default,Default,Default,Default,Default,250ms,Default,20,Default,Default,15,Default,Default,16,1,100,10,"12,161.80",72.332,60.400,1.2.0,macOS 26.6.2,09/08/2026 21:42:10,Not set
ZStringConcatenation,Job-GEROSC,False,Default,Default,Default,Default,Default,Default,0000000000,Empty,RyuJit,Default,AnyCpu,8c5e7fda-e8bf-4a96-9a85-a6e23a8c635c,.NET 10.0,False,True,False,True,Default,Default,False,False,True,Default,Default,Default,Default,Default,Default,Default,Default,Default,250ms,Default,20,Default,Default,15,Default,Default,16,1,100,10,419.28,2.574,2.408,1.2.0,macOS 26.6.2,09/08/2026 21:42:10,Not set
ZStringBuilderAppend,Job-GEROSC,False,Default,Default,Default,Default,Default,Default,0000000000,Empty,RyuJit,Default,AnyCpu,8c5e7fda-e8bf-4a96-9a85-a6e23a8c635c,.NET 10.0,False,True,False,True,Default,Default,False,False,True,Default,Default,Default,Default,Default,Default,Default,Default,Default,250ms,Default,20,Default,Default,15,Default,Default,16,1,100,10,398.40,4.103,3.838,1.2.0,macOS 26.6.2,09/08/2026 21:42:10,Not set
ZStringBuilderInsert,Job-GEROSC,False,Default,Default,Default,Default,Default,Default,0000000000,Empty,RyuJit,Default,AnyCpu,8c5e7fda-e8bf-4a96-9a85-a6e23a8c635c,.NET 10.0,False,True,False,True,Default,Default,False,False,True,Default,Default,Default,Default,Default,Default,Default,Default,Default,250ms,Default,20,Default,Default,15,Default,Default,16,1,100,10,"2,602.26",11.727,10.395,1.2.0,macOS 26.6.2,09/08/2026 21:42:10,Not set
StringConcatenation,Job-GEROSC,False,Default,Default,Default,Default,Default,Default,0000000000,Empty,RyuJit,Default,AnyCpu,8c5e7fda-e8bf-4a96-9a85-a6e23a8c635c,.NET 10.0,False,True,False,True,Default,Default,False,False,True,Default,Default,Default,Default,Default,Default,Default,Default,Default,250ms,Default,20,Default,Default,15,Default,Default,16,1,100,1000,"1,258,517.03","7,660.661","6,790.977",1.2.0,macOS 26.6.2,09/08/2026 21:42:10,Not set
StringBuilderAppend,Job-GEROSC,False,Default,Default,Default,Default,Default,Default,0000000000,Empty,RyuJit,Default,AnyCpu,8c5e7fda-e8bf-4a96-9a85-a6e23a8c635c,.NET 10.0,False,True,False,True,Default,Default,False,False,True,Default,Default,Default,Default,Default,Default,Default,Default,Default,250ms,Default,20,Default,Default,15,Default,Default,16,1,100,1000,"43,758.85",277.699,246.173,1.2.0,macOS 26.6.2,09/08/2026 21:42:10,Not set
StringBuilderInsert,Job-GEROSC,False,Default,Default,Default,Default,Default,Default,0000000000,Empty,RyuJit,Default,AnyCpu,8c5e7fda-e8bf-4a96-9a85-a6e23a8c635c,.NET 10.0,False,True,False,True,Default,Default,False,False,True,Default,Default,Default,Default,Default,Default,Default,Default,Default,250ms,Default,20,Default,Default,15,Default,Default,16,1,100,1000,"61,638.20",522.127,488.398,1.2.0,macOS 26.6.2,09/08/2026 21:42:10,Not set
ZStringConcatenation,Job-GEROSC,False,Default,Default,Default,Default,Default,Default,0000000000,Empty,RyuJit,Default,AnyCpu,8c5e7fda-e8bf-4a96-9a85-a6e23a8c635c,.NET 10.0,False,True,False,True,Default,Default,False,False,True,Default,Default,Default,Default,Default,Default,Default,Default,Default,250ms,Default,20,Default,Default,15,Default,Default,16,1,100,1000,"36,130.61",489.507,433.935,1.2.0,macOS 26.6.2,09/08/2026 21:42:10,Not set
ZStringBuilderAppend,Job-GEROSC,False,Default,Default,Default,Default,Default,Default,0000000000,Empty,RyuJit,Default,AnyCpu,8c5e7fda-e8bf-4a96-9a85-a6e23a8c635c,.NET 10.0,False,True,False,True,Default,Default,False,False,True,Default,Default,Default,Default,Default,Default,Default,Default,Default,250ms,Default,20,Default,Default,15,Default,Default,16,1,100,1000,"36,947.20",675.600,598.901,1.2.0,macOS 26.6.2,09/08/2026 21:42:10,Not set
ZStringBuilderInsert,Job-GEROSC,False,Default,Default,Default,Default,Default,Default,0000000000,Empty,RyuJit,Default,AnyCpu,8c5e7fda-e8bf-4a96-9a85-a6e23a8c635c,.NET 10.0,False,True,False,True,Default,Default,False,False,True,Default,Default,Default,Default,Default,Default,Default,Default,Default,250ms,Default,20,Default,Default,15,Default,Default,16,1,100,1000,NA,NA,NA,1.2.0,macOS 26.6.2,09/08/2026 21:42:10,Not set
